<?xml version="1.0" encoding="UTF-8"?>
<window>
	<!-- favourites -->
	<defaultcontrol always="true">450</defaultcontrol>
	<controls>
		<!-- Window Background -->
		<include>WindowFadeBackgroundImage</include>

		<control type="group">

			<!-- Animation -->
			<include>DialogZoomAnimation</include>

			<!-- Heading -->
			<include content="Time">
				<param name="heading">1036</param>
			</include>

			<!-- Image -->
			<control type="image">
				<left>150</left>
				<top>225</top>
				<width>405</width>
				<height>600</height>
				<texture>$INFO[Container(450).ListItem.Icon]</texture>
				<aspectratio aligny="center">keep</aspectratio>
				<bordertexture border="1,1,1,69">views/DropShadow.png</bordertexture>
				<bordersize>0,0,0,66</bordersize>
			</control>

			<!-- List -->
			<control type="list" id="450">
				<left>750</left>
				<centertop>50%</centertop>
				<width>1050</width>
				<height>720</height>
				<onup>51</onup>
				<ondown>51</ondown>
				<onleft>60</onleft>
				<orientation>vertical</orientation>
				<viewtype label="535">list</viewtype>
				<scrolltime tween="sine" easing="out">240</scrolltime>

				<itemlayout height="90" width="1050">
					<control type="label">
						<left>0</left>
						<top>0</top>
						<width>1050</width>
						<height>90</height>
						<font>Font36</font>
						<label>$VAR[Label1]</label>
						<textcolor>TextColor2</textcolor>
					</control>
				</itemlayout>

				<focusedlayout height="90" width="1050">
					<control type="label">
						<left>0</left>
						<top>0</top>
						<width>1050</width>
						<height>90</height>
						<font>Font48</font>
						<label>$VAR[Label1]</label>
						<textcolor>TextColor1</textcolor>
						<animation effect="fade" start="100" end="50" time="200" tween="cubic" easing="out" reversible="true" condition="!Control.HasFocus(450)">Conditional</animation>
					</control>
				</focusedlayout>

			</control>

		</control>

	</controls>

</window>