<?xml version="1.0" encoding="UTF-8"?>
<includes>

	<include name="HomeVertical">
		<!-- Widget control -->
		<include>skinshortcuts-template-widgetControl</include>
         
		<!-- messin with menu -->
        <control type="image">
			<left>20</left>
			<top>20</top>
			<width>490</width>
			<height>1040</height>
			<!-- <texture>common/glass-black1.png</texture> -->
			<texture>$VAR[PanelImage]</texture>
			<include>WindowFadeAnimation</include>
		</control> 
		
		<!-- logo -->
		<control type="image">
			<left>50</left>
			<top>150</top>
			<width>390</width>
			<height>390</height>
			<!-- <texture>common/glass-black1.png</texture> -->
			<texture>$VAR[Logo]</texture>
			<colordiffuse>40FFFFFF</colordiffuse>
			<include>WindowFadeAnimation</include>
		</control> 
		
		<!-- Main list -->
		<control type="fixedlist" id="9000">
			<include condition="Skin.HasSetting(SmallMainMenu)">SmallMainMenu</include>
			<include condition="!Skin.HasSetting(SmallMainMenu)">LargeMainMenu</include>
			<onup>747747</onup>
			<ondown>9000</ondown>
			<onleft>9001</onleft>
			<onright condition="Control.IsVisible(9006)">9006</onright>
			<orientation>vertical</orientation>
			<scrolltime tween="sine" easing="out">240</scrolltime>

			<itemlayout width="460" height="120">
				<control type="group">
					<animation effect="fade" start="100" end="90" time="0" condition="!Skin.HasSetting(SmallMainMenu) + String.IsEqual(Container(9000).ListItem(-1).Property(id),ListItem.Property(id)) | String.IsEqual(Container(9000).ListItem(1).Property(id),ListItem.Property(id))">Conditional</animation>
					<animation effect="fade" start="100" end="75" time="0" condition="!Skin.HasSetting(SmallMainMenu) + String.IsEqual(Container(9000).ListItem(-2).Property(id),ListItem.Property(id)) | String.IsEqual(Container(9000).ListItem(2).Property(id),ListItem.Property(id))">Conditional</animation>
					<animation effect="fade" start="100" end="60" time="0" condition="!Skin.HasSetting(SmallMainMenu) + String.IsEqual(Container(9000).ListItem(-3).Property(id),ListItem.Property(id))">Conditional</animation>
					<animation effect="fade" start="100" end="45" time="0" condition="!Skin.HasSetting(SmallMainMenu) + String.IsEqual(Container(9000).ListItem(-4).Property(id),ListItem.Property(id))">Conditional</animation>
					<animation effect="fade" start="100" end="30" time="0" condition="!Skin.HasSetting(SmallMainMenu) + String.IsEqual(Container(9000).ListItem(-5).Property(id),ListItem.Property(id))">Conditional</animation>
					<animation effect="fade" start="100" end="15" time="0" condition="!Skin.HasSetting(SmallMainMenu) + String.IsEqual(Container(9000).ListItem(-6).Property(id),ListItem.Property(id))">Conditional</animation>
					<animation effect="fade" start="100" end="5" time="0" condition="!Skin.HasSetting(SmallMainMenu) + String.IsEqual(Container(9000).ListItem(-7).Property(id),ListItem.Property(id))">Conditional</animation>

					<control type="label">
						<left>0</left>
						<top>0</top>
						<width>460</width>
						<height>120</height>
						<label>$INFO[ListItem.Label]</label>
						<font>Font42</font>
						<textcolor>$VAR[homeUnfocused]</textcolor>
					</control>

				</control>
			</itemlayout>

			<focusedlayout width="460" height="120">
				<control type="label">
					<left>0</left>
					<top>0</top>
					<width>460</width>
					<height>120</height>
					<label>$INFO[ListItem.Label]</label>
					<font>Font72</font>
					<textcolor>TextColor1</textcolor>
					<shadowcolor>ShadowColor</shadowcolor>
					<animation effect="fade" start="100" end="50" time="200" tween="cubic" easing="out" reversible="false" condition="!Control.HasFocus(9000)">Conditional</animation>
				</control>
			</focusedlayout>

			<content>
				<include>skinshortcuts-mainmenu</include>
			</content>

		</control>
        
		
		<!-- tv window -->
		<control type="image">
			<right>13</right>
			<top>12</top>
			<width>845</width>
			<height>440</height>
			<texture>common/tvoverlay.png</texture>
			<include>WindowFadeAnimation</include>
		</control>
		<control type="group"> 
			<height>440</height>			
			<width>845</width>
			<right>13</right>
			<top>12</top>
		    <control type="videowindow">
			    <!-- <include condition="String.IsEqual(Skin.String(menuStyle),horizontal)">HomeHorizontal</include> -->
                <visible>Player.HasVideo</visible>			
			    </control>
		</control> 
	    <control type="image">
		    <!-- <include condition="String.IsEqual(Skin.String(menuStyle),horizontal)">HomeHorizontal</include> -->
			<right>-45</right>
			<top>-23</top>
			<width>960</width>
			<height>540</height>
			<texture>common/tv.png</texture>
			<include>WindowFadeAnimation</include>
		</control>
		
		
		<!-- Widgets -->
		<control type="group" id="9002">
			<include>skinshortcuts-template-vertical</include>
		</control>

		<!-- Reloading indicator -->
		<control type="group">
			<left>1820</left>
			<top>900</top>
			<include>skinshortcuts-template-reloading</include>
		</control>
        
		<control type="grouplist" id="747747">
		    <top>30</top>
			<left>8</left>
			<width>700</width>
			<orientation>horizontal</orientation>
			<align>left</align>
		    <!-- <onleft>9001</onleft> -->
			<ondown>9000</ondown>
			<!-- button1 -->
			<control type="button" id="2747747">
				<description>video addons</description>
				<width>125</width>
				<height>125</height>
				<visible>true</visible>
				<colordiffuse>99FFFFFF</colordiffuse>
				<texturefocus colordiffuse="FF045FB4">DefaultVideo.png</texturefocus>
				<texturenofocus colordiffuse="FFD8D8D8">DefaultVideo.png</texturenofocus>
				<!-- <label>29</label> -->
				<wrapmultiline>true</wrapmultiline>
				<font>font12</font>
				<textcolor>FFFFFFFF</textcolor>
				<focusedcolor>FFFFFFFF</focusedcolor>
				<!-- <disabledcolor>80FFFFFF</disabledcolor>
				<invalidcolor>FFFFFFFF</invalidcolor>
				<align></align>
				<aligny></aligny>
				<textoffsetx></textoffsetx>
				<textoffsety></textoffsety>
				<pulseonselect></pulseonselect> -->
				<onclick>XBMC.ActivateWindow(Videos,addons://sources/video/)</onclick>
				<!-- <onfocus>-</onfocus>
				<onunfocus>-</onunfocus>
				
				<ondown>3</ondown>-->
				<onleft>9001</onleft>
				<onright>3747747</onright> 
			</control>
			
			<!-- button2 -->
			<control type="button" id="3747747">
				<description>music addons</description>
				<width>125</width>
				<height>125</height>
				<visible>true</visible>
				<colordiffuse>99FFFFFF</colordiffuse>
				<texturefocus colordiffuse="FF045FB4">DefaultMusicVideos.png</texturefocus>
				<texturenofocus colordiffuse="FFD8D8D8">DefaultMusicVideos.png</texturenofocus>
				<!-- <label>29</label> -->
				<wrapmultiline>true</wrapmultiline>
				<font>font12</font>
				<textcolor>FFFFFFFF</textcolor>
				<focusedcolor>FFFFFFFF</focusedcolor>
				<!-- <disabledcolor>80FFFFFF</disabledcolor>
				<invalidcolor>FFFFFFFF</invalidcolor>
				<align></align>
				<aligny></aligny>
				<textoffsetx></textoffsetx>
				<textoffsety></textoffsety>
				<pulseonselect></pulseonselect> -->
				<onclick>XBMC.ActivateWindow(Music,addons://sources/audio/)</onclick>
				<!-- <onfocus>-</onfocus>
				<onunfocus>-</onunfocus>
				<onup>2</onup>
				<ondown>3</ondown> -->
				<onleft>button2</onleft>
				<onright>4747747</onright>
			</control>
			
			<!-- button3 -->
			<control type="button" id="4747747">
				<description>programs</description>
				<width>125</width>
				<height>125</height>
				<visible>true</visible>
				<colordiffuse>99FFFFFF</colordiffuse>
				<texturefocus colordiffuse="FF045FB4">DefaultProgram.png</texturefocus>
				<texturenofocus colordiffuse="FFD8D8D8">DefaultProgram.png</texturenofocus>
				<!-- <label>Programs</label> -->
				<wrapmultiline>true</wrapmultiline>
				<font>font12</font>
				<textcolor>FFFFFFFF</textcolor>
				<focusedcolor>FFFFFFFF</focusedcolor>
				<!-- <disabledcolor>80FFFFFF</disabledcolor>
				<invalidcolor>FFFFFFFF</invalidcolor>
				<align></align>
				<aligny></aligny>
				<textoffsetx></textoffsetx>
				<textoffsety></textoffsety>
				<pulseonselect></pulseonselect> -->
				<onclick>XBMC.ActivateWindow(Programs,addons://sources/executable/)</onclick>
				<!-- <onfocus>-</onfocus>
				<onunfocus>-</onunfocus>
				<onup>2</onup>
				<ondown>3</ondown> -->
				<onleft>button3747747</onleft>
				<!-- <onright>1</onright> -->
			</control>
			
			<!-- button4 -->
			<control type="button" id="5747747">
				<description>settings</description>
				<width>125</width>
				<height>125</height>
				<visible>true</visible>
				<colordiffuse>99FFFFFF</colordiffuse>
				<texturefocus colordiffuse="FF045FB4">DefaultSettings.png</texturefocus>
				<texturenofocus colordiffuse="FFD8D8D8">DefaultSettings.png</texturenofocus>
				<!-- <label>Settings</label> -->
				<wrapmultiline>true</wrapmultiline>
				<font>font12</font>
				<textcolor>FFFFFFFF</textcolor>
				<focusedcolor>FFFFFFFF</focusedcolor>
				<!-- <disabledcolor>80FFFFFF</disabledcolor> -->
				<!-- <invalidcolor>FFFFFFFF</invalidcolor> -->
				<!-- <align></align> -->
				<!-- <aligny></aligny> -->
				<!-- <textoffsetx>100</textoffsetx> -->
				<!-- <textoffsety>100</textoffsety> -->
				<!-- <pulseonselect></pulseonselect> -->
				<onclick>XBMC.ActivateWindow(Settings)</onclick>
				<!-- <onfocus>-</onfocus>
				<onunfocus>-</onunfocus>
				<onup>2</onup>
				<ondown>3</ondown> -->
				<onleft>button4747747</onleft>
				<!-- <onright>1</onright> -->
			</control>
		</control>
		
		<!-- Sub Menu -->
		<control type="group" id="9010">
			<animation effect="slide" time="0" end="-10000,0" condition="Integer.IsEqual(Container(9001).NumItems,0)">Conditional</animation>
			<control type="image">
				<include>FullscreenDimensions</include>
				<texture colordiffuse="DarkenColor">dialogs/DialogTextBackground.png</texture>
				<animation effect="fade" start="0" end="100" time="200">Visible</animation>
				<animation effect="fade" start="100" end="0" time="200">Hidden</animation>
				<visible>ControlGroup(9010).HasFocus</visible>
			</control>
			<control type="group">
				<left>-450</left>
				<top>0</top>
				<animation effect="slide" start="0,0" end="450,0" time="200" condition="ControlGroup(9010).HasFocus">Conditional</animation>
				<control type="button">
					<left>0</left>
					<top>0</top>
					<width>460</width>
					<height>1080</height>
					<onclick>noop</onclick>
				</control>

				<control type="image">
					<left>0</left>
					<top>0</top>
					<width>450</width>
					<height>1080</height>
					<texture colordiffuse="$VAR[OverlayColor]">dialogs/Background.png</texture>
				</control>

				<control type="list" id="9001">
					<left>20</left>
					<top>20</top>
					<width>410</width>
					<height>1040</height>
					<onleft>noop</onleft>
					<onright>9000</onright>
					<orientation>vertical</orientation>
					<defaultcontrol always="true">1</defaultcontrol>

					<animation effect="slide" time="0" end="0,26" condition="Integer.IsLess(Container(9001).NumItems,20)">Conditional</animation>
					<animation effect="slide" time="0" end="0,26" condition="Integer.IsLess(Container(9001).NumItems,19)">Conditional</animation>
					<animation effect="slide" time="0" end="0,26" condition="Integer.IsLess(Container(9001).NumItems,18)">Conditional</animation>
					<animation effect="slide" time="0" end="0,26" condition="Integer.IsLess(Container(9001).NumItems,17)">Conditional</animation>
					<animation effect="slide" time="0" end="0,26" condition="Integer.IsLess(Container(9001).NumItems,16)">Conditional</animation>
					<animation effect="slide" time="0" end="0,26" condition="Integer.IsLess(Container(9001).NumItems,15)">Conditional</animation>
					<animation effect="slide" time="0" end="0,26" condition="Integer.IsLess(Container(9001).NumItems,14)">Conditional</animation>
					<animation effect="slide" time="0" end="0,26" condition="Integer.IsLess(Container(9001).NumItems,13)">Conditional</animation>
					<animation effect="slide" time="0" end="0,26" condition="Integer.IsLess(Container(9001).NumItems,12)">Conditional</animation>
					<animation effect="slide" time="0" end="0,26" condition="Integer.IsLess(Container(9001).NumItems,11)">Conditional</animation>
					<animation effect="slide" time="0" end="0,26" condition="Integer.IsLess(Container(9001).NumItems,10)">Conditional</animation>
					<animation effect="slide" time="0" end="0,26" condition="Integer.IsLess(Container(9001).NumItems,9)">Conditional</animation>
					<animation effect="slide" time="0" end="0,26" condition="Integer.IsLess(Container(9001).NumItems,8)">Conditional</animation>
					<animation effect="slide" time="0" end="0,26" condition="Integer.IsLess(Container(9001).NumItems,7)">Conditional</animation>
					<animation effect="slide" time="0" end="0,26" condition="Integer.IsLess(Container(9001).NumItems,6)">Conditional</animation>
					<animation effect="slide" time="0" end="0,26" condition="Integer.IsLess(Container(9001).NumItems,5)">Conditional</animation>
					<animation effect="slide" time="0" end="0,26" condition="Integer.IsLess(Container(9001).NumItems,4)">Conditional</animation>
					<animation effect="slide" time="0" end="0,26" condition="Integer.IsLess(Container(9001).NumItems,3)">Conditional</animation>
					<animation effect="slide" time="0" end="0,26" condition="Integer.IsLess(Container(9001).NumItems,2)">Conditional</animation>

					<itemlayout width="400" height="52">
						<control type="label">
							<top>0</top>
							<width>400</width>
							<height>52</height>
							<label>$INFO[ListItem.Label]</label>
							<font>Font33</font>
							<textcolor>DialogColor2</textcolor>
						</control>
					</itemlayout>

					<focusedlayout width="460" height="52">
						<control type="label">
							<top>0</top>
							<width>460</width>
							<height>52</height>
							<label>$INFO[ListItem.Label]</label>
							<font>Font33</font>
							<textcolor>DialogColor1</textcolor>
							<animation effect="fade" start="100" end="50" time="200" tween="cubic" easing="out" reversible="false" condition="!Control.HasFocus(9001)">Conditional</animation>
						</control>
					</focusedlayout>

					<content>
						<include>skinshortcuts-submenu</include>
					</content>

				</control>
			</control>
		</control>

	</include>
</includes>