<?xml version="1.0" encoding="UTF-8"?>
<window>
	<!-- musiclibrary -->
	<backgroundcolor>0x00000000</backgroundcolor>
	<defaultcontrol always="true">50</defaultcontrol>
	<onunload condition="Window.Next(musicplaylisteditor)">SetProperty(NumberItems,$INFO[Container(50).NumItems])</onunload>
	<onunload condition="Window.Next(musicplaylisteditor)">SetProperty(ListItem-3,$INFO[Container(50).ListItemNoWrap(-3).Label])</onunload>
	<onunload condition="Window.Next(musicplaylisteditor)">SetProperty(ListItem-2,$INFO[Container(50).ListItemNoWrap(-2).Label])</onunload>
	<onunload condition="Window.Next(musicplaylisteditor)">SetProperty(ListItem-1,$INFO[Container(50).ListItem(-1).Label])</onunload>
	<onunload condition="Window.Next(musicplaylisteditor)">SetProperty(ListItem,$INFO[Container(50).ListItemNoWrap.Label])</onunload>
	<onunload condition="Window.Next(musicplaylisteditor)">SetProperty(ListItem1,$INFO[Container(50).ListItemNoWrap(1).Label])</onunload>
	<onunload condition="Window.Next(musicplaylisteditor)">SetProperty(ListItem2,$INFO[Container(50).ListItemNoWrap(2).Label])</onunload>
	<onunload condition="Window.Next(musicplaylisteditor)">SetProperty(ListItem3,$INFO[Container(50).ListItemNoWrap(3).Label])</onunload>
	<views>51,55,54,50</views>

	<controls>

		<!-- Background -->
		<include>WindowBackgroundImage</include>
        <!-- dvdimage -->
		<control type="image">
		    <include condition="String.IsEqual(Skin.String(menuStyle),horizontal)">HomeHorizontal</include>
			<left>390</left>
			<top>475</top>
			<width>300</width>
			<height>75</height>
			<texture>common/dvdoverlay.png</texture>
			<!-- <include>WindowFadeAnimation</include> -->
		</control>
	    <control type="image">
		    <include condition="String.IsEqual(Skin.String(menuStyle),horizontal)">HomeHorizontal</include>
			<left>140</left>
			<top>475</top>
			<width>600</width>
			<height>75</height>
			<texture>common/dvd3.png</texture>
			<!-- <include>WindowFadeAnimation</include> -->
		</control>
		<!-- tv window -->
		<control type="image">
		    <include condition="String.IsEqual(Skin.String(menuStyle),horizontal)">HomeHorizontal</include>
			<left>13</left>
			<top>12</top>
			<width>845</width>
			<height>440</height>
			<texture>common/tvoverlay.png</texture>
			<!-- <include>WindowFadeAnimation</include> -->
		</control>
		<control type="group"> 
			<height>440</height>			
			<width>845</width>
			<left>13</left>
			<top>12</top>
		    <control type="videowindow">
			    <include condition="String.IsEqual(Skin.String(menuStyle),horizontal)">HomeHorizontal</include>
                <visible>Player.HasVideo</visible>			
			    </control>
		</control> 
		<control type="image">
		    <include condition="String.IsEqual(Skin.String(menuStyle),horizontal)">HomeHorizontal</include>
			<left>-45</left>
			<top>-23</top>
			<width>960</width>
			<height>540</height>
			<texture>common/tv.png</texture>
			<include>WindowFadeAnimation</include>
		</control>
		<!-- messin with menu -->
        <control type="image">
		    <include condition="String.IsEqual(Skin.String(menuStyle),horizontal)">HomeHorizontal</include>
			<left>13</left>
			<top>570</top>
			<width>1894</width>
			<height>490</height>
			<!-- <texture>common/glass-black1.png</texture> -->
			<texture>$VAR[PanelImage]</texture>
			<include>WindowFadeAnimation</include>
		</control>
		<!-- Main group -->
		<control type="group">
			<animation effect="fade" start="0" end="100" time="200" condition="!Window.Previous(musicplaylisteditor)">WindowOpen</animation>
			<animation effect="fade" start="100" end="0" time="200" condition="!Window.Next(musicplaylisteditor)">WindowClose</animation>

			<!-- Views -->
			<include>Viewtype50</include>
			<include>Viewtype51</include>
			<include>Viewtype54</include>
			<include>Viewtype55</include>

			<!-- Scrollbar (list) -->
			<control type="scrollbar" id="60">
				<left>590</left>
				<top>600</top>
				<width>20</width>
				<height>420</height>
				<onleft condition="!Skin.HasSetting(KioskMode)">3001</onleft>
				<onright>50</onright>
				<showonepage>false</showonepage>
				<orientation>vertical</orientation>
				<colordiffuse>OverlayColorNF</colordiffuse>
				<texturesliderbackground border="9,1,6,1">common/ScrollBackground.png</texturesliderbackground>
				<texturesliderbar border="8,1,6,1">common/ScrollbarGripNF.png</texturesliderbar>
				<texturesliderbarfocus border="8,1,6,1" colordiffuse="DialogColor1">common/ScrollbarGripFO.png</texturesliderbarfocus>
				<textureslidernib>-</textureslidernib>
				<textureslidernibfocus>-</textureslidernibfocus>
				<visible>!Skin.HasSetting(Scrollbars) + [Control.IsVisible(50) | Control.IsVisible(54)]</visible>
			</control>

			<!-- Scrollbar (wall) -->
			<control type="scrollbar" id="65">
				<left>120</left>
				<top>170</top>
				<width>20</width>
				<height>646</height>
				<onleft condition="!Skin.HasSetting(KioskMode)">3001</onleft>
				<onright>50</onright>
				<showonepage>false</showonepage>
				<orientation>vertical</orientation>
				<colordiffuse>OverlayColorNF</colordiffuse>
				<texturesliderbackground border="6,1,8,1">common/ScrollBackground.png</texturesliderbackground>
				<texturesliderbar border="8,1,6,1">common/ScrollbarGripNF.png</texturesliderbar>
				<texturesliderbarfocus border="8,1,6,1" colordiffuse="DialogColor1">common/ScrollbarGripFO.png</texturesliderbarfocus>
				<textureslidernib>-</textureslidernib>
				<textureslidernibfocus>-</textureslidernibfocus>
				<visible>!Skin.HasSetting(Scrollbars) + Control.IsVisible(55)</visible>
			</control>

			<!-- Media flags -->
			<include>MediaFlags</include>

			<!-- Item count -->
			<include>ItemCount</include>

		</control>

		<!-- Time -->
		<include>Time</include>

		<!-- Options -->
		<control type="group" id="9002">
			<control type="image">
				<include>FullscreenDimensions</include>
				<texture colordiffuse="DarkenColor">dialogs/DialogTextBackground.png</texture>
				<animation effect="fade" start="0" end="100" time="200">Visible</animation>
				<animation effect="fade" start="100" end="0" time="200">Hidden</animation>
				<visible>ControlGroup(9002).HasFocus</visible>
			</control>
			<control type="group">
				<left>-450</left>
				<top>0</top>
				<animation effect="slide" start="0,0" end="450,0" time="200" condition="ControlGroup(9002).HasFocus">Conditional</animation>
				<control type="image">
					<left>0</left>
					<top>0</top>
					<width>450</width>
					<height>1080</height>
					<texture colordiffuse="$VAR[OverlayColor]">dialogs/Background.png</texture>
				</control>
				<control type="button">
					<left>0</left>
					<top>0</top>
					<width>460</width>
					<height>1080</height>
					<onclick>noop</onclick>
				</control>

				<!-- Look controls -->
				<control type="grouplist" id="3001">
					<left>20</left>
					<top>10</top> <!-- -10 because there are two spacers -->
					<width>410</width>
					<height>1040</height>
					<onleft>50</onleft>
					<onright>50</onright>
					<scrolltime>200</scrolltime>
					<orientation>vertical</orientation>
					<itemgap>0</itemgap>
					<defaultcontrol always="true">99</defaultcontrol>

					<include content="SideMenuAnimation">
						<param name="containerID">3001</param>
					</include>

					<!-- View -->
					<control type="button" id="99">
						<height>52</height>
						<label>$INFO[Container.ViewMode]</label>
						<onclick>Container.NextViewMode</onclick>
					</control>
					<!-- Scrollbars -->
					<control type="radiobutton" id="94">
						<height>52</height>
						<label>31005</label>
						<onclick>Skin.ToggleSetting(Scrollbars)</onclick>
						<selected>!Skin.HasSetting(Scrollbars)</selected>
					</control>


					<control type="image" id="80">
						<left>0</left>
						<top>0</top>
						<width>410</width>
						<height>10</height>
						<texture>transparent.png</texture>
					</control>


					<!-- Sort by -->
					<control type="button" id="3">
						<height>52</height>
						<label>103</label>
						<visible>Control.IsEnabled(3)</visible>
					</control>
					<!-- Sort ascending/descending -->
					<control type="togglebutton" id="4">
						<height>52</height>
						<label>584</label>
						<altlabel>585</altlabel>
						<usealttexture>Container.SortDirection(Descending)</usealttexture>
						<visible>Control.IsEnabled(4)</visible>
					</control>
					<!-- Filter -->
					<control type="edit" id="19">
						<height>52</height>
						<label>587</label>
						<visible>Container.CanFilter + !Container.CanFilterAdvanced</visible>
					</control>
					<!-- Filter -->
					<control type="radiobutton" id="93">
						<height>52</height>
						<label>587</label>
						<onclick>Right</onclick>
						<onclick>Right</onclick>
						<onclick>Filter</onclick>
						<selected>Container.Filtered</selected>
						<visible>Container.CanFilterAdvanced</visible>
					</control>


					<control type="image" id="81">
						<left>0</left>
						<top>0</top>
						<width>410</width>
						<height>10</height>
						<texture colordiffuse="$VAR[OverlayColor]">transparent.png</texture>
					</control>


					<!-- Open playlist -->
					<control type="button" id="91">
						<height>52</height>
						<label>13350</label>
						<onclick condition="!String.IsEqual(Playlist.Length(music),0)">ActivateWindow(musicplaylist)</onclick>
						<visible>!String.IsEqual(Playlist.Length(music),0)</visible>
					</control>
					<!-- Update library -->
					<control type="togglebutton" id="20">
						<height>52</height>
						<label>653</label>
						<altlabel>13353</altlabel>
						<usealttexture>Library.IsScanningMusic</usealttexture>
					</control>
					<!-- Search -->
					<control type="button" id="8">
						<height>52</height>
						<label>137</label>
						<visible>Control.IsEnabled(8)</visible>
					</control>
					<!-- PartyMode -->
					<control type="radiobutton" id="16">
						<height>52</height>
						<label>589</label>
					</control>
				</control>
			</control>
		</control>

	</controls>

</window>