<?xml version="1.0" encoding="UTF-8"?>
<window>
	<!-- pvrchannels -->
	<backgroundcolor>0x00000000</backgroundcolor>
	<defaultcontrol>50</defaultcontrol>

	<controls>

		<!-- Background -->
		<include>WindowBackgroundImage</include>

		<!-- Curve -->
		<include>Curve-VerticalNarrow</include>

		<!-- Main group -->
		<control type="group">
			<include>WindowFadeAnimation</include>

			<!-- Episode Info -->
			<control type="group">
				<left>120</left>
				<top>190</top>

				<!-- Episode image -->
				<control type="group">
					<control type="image">
						<left>0</left>
						<top>0</top>
						<width>452</width>
						<height>286</height>
						<fadetime>200</fadetime>
						<texture>$VAR[PVRChannelIcon]</texture>
						<aspectratio aligny="center">keep</aspectratio>
						<bordertexture border="1,1,1,69">views/DropShadow.png</bordertexture>
						<bordersize>0,0,0,66</bordersize>
					</control>
				</control>

				<!-- Episode Information -->
				<control type="textbox">
					<left>0</left>
					<top>314</top>
					<width>450</width>
					<height>400</height>
					<label>$VAR[PVRDescription]</label>
					<textcolor>TextColor1</textcolor>
					<autoscroll delay="5000" time="1400" repeat="10000">true</autoscroll>
				</control>

			</control>

			<!-- List -->
			<control type="fixedlist" id="50">
				<left>750</left>
				<centertop>50%</centertop>
				<width>1050</width>
				<height>720</height>
				<onup>51</onup>
				<ondown>51</ondown>
				<onleft>60</onleft>
				<onright condition="!Skin.HasSetting(KioskMode)">3001</onright>
				<pagecontrol>60</pagecontrol>
				<focusposition>3</focusposition>
				<orientation>vertical</orientation>
				<viewtype label="535">list</viewtype>
				<scrolltime tween="sine" easing="out">240</scrolltime>

				<itemlayout height="90" width="1050">
					<control type="label">
						<left>32</left>
						<top>-12</top>
						<width>1018</width>
						<height>90</height>
						<font>Font36</font>
						<label>[LIGHT]$INFO[ListItem.ChannelName][/LIGHT]</label>
						<textcolor>TextColor2</textcolor>
					</control>
					<control type="label">
						<left>32</left>
						<top>58</top>
						<width>1018</width>
						<height>27</height>
						<font>Font27</font>
						<textcolor>TextColor2</textcolor>
						<label>[LIGHT]$INFO[ListItem.StartTime,,: ]$INFO[ListItem.Title][/LIGHT]</label>
						<animation effect="fade" start="100" end="50" time="200" tween="cubic" easing="out" reversible="true" condition="!Control.HasFocus(50)">Conditional</animation>
					</control>
					<control type="label">
						<left>32</left>
						<top>58</top>
						<width>1018</width>
						<height>27</height>
						<font>Font27</font>
						<textcolor>TextColor2</textcolor>
						<label>$LOCALIZE[19055]</label>
						<animation effect="fade" start="100" end="50" time="200" tween="cubic" easing="out" reversible="true" condition="!Control.HasFocus(50)">Conditional</animation>
						<visible>String.IsEmpty(ListItem.StartTime) + String.IsEmpty(ListItem.Title)</visible>
					</control>
					<control type="label">
						<left>32</left>
						<top>-12</top>
						<width>1018</width>
						<height>90</height>
						<font>Font36</font>
						<label>[LIGHT]$INFO[ListItem.ChannelNumber][/LIGHT]</label>
						<align>right</align>
						<textcolor>TextColor2</textcolor>
					</control>
					<!-- Watched status -->
					<control type="image">
						<left>0</left>
						<top>38</top>
						<width>14</width>
						<height>14</height>
						<texture>$VAR[StatusOverlay]</texture>
						<colordiffuse>OverlayColorNF</colordiffuse>
						<animation effect="fade" start="50" end="50" condition="true">Conditional</animation>
					</control>
				</itemlayout>

				<focusedlayout height="180" width="1050">
					<control type="label">
						<left>32</left>
						<top>43</top>
						<width>1018</width>
						<height>48</height>
						<font>Font48</font>
						<label>[B]$INFO[ListItem.ChannelName][/B]</label>
						<textcolor>TextColor1</textcolor>
						<animation effect="fade" start="100" end="50" time="200" tween="cubic" easing="out" reversible="true" condition="!Control.HasFocus(50)">Conditional</animation>
					</control>
					<control type="label">
						<left>32</left>
						<top>100</top>
						<width>1018</width>
						<height>27</height>
						<font>Font27</font>
						<label>[LIGHT]$INFO[ListItem.StartTime,,: ][/LIGHT]$INFO[ListItem.Title]</label>
						<textcolor>TextColor1</textcolor>
						<animation effect="fade" start="100" end="50" time="200" tween="cubic" easing="out" reversible="true" condition="!Control.HasFocus(50)">Conditional</animation>
					</control>
					<control type="label">
						<left>32</left>
						<top>100</top>
						<width>1018</width>
						<height>27</height>
						<font>Font27</font>
						<label>$LOCALIZE[19055]</label>
						<textcolor>TextColor1</textcolor>
						<visible>String.IsEmpty(ListItem.StartTime) + String.IsEmpty(ListItem.Title)</visible>
						<animation effect="fade" start="100" end="50" time="200" tween="cubic" easing="out" reversible="true" condition="!Control.HasFocus(50)">Conditional</animation>
					</control>
					<control type="label">
						<left>32</left>
						<top>127</top>
						<width>1018</width>
						<height>27</height>
						<font>Font27</font>
						<label>[LIGHT]$INFO[ListItem.NextStartTime,,: ][/LIGHT]$INFO[ListItem.NextTitle]</label>
						<textcolor>TextColor1</textcolor>
						<animation effect="fade" start="100" end="50" time="200" tween="cubic" easing="out" reversible="true" condition="!Control.HasFocus(50)">Conditional</animation>
					</control>
					<control type="label">
						<left>32</left>
						<top>43</top>
						<width>1018</width>
						<height>48</height>
						<font>Font48</font>
						<align>right</align>
						<label>$INFO[ListItem.ChannelNumber]</label>
						<textcolor>TextColor1</textcolor>
						<animation effect="fade" start="100" end="50" time="200" tween="cubic" easing="out" reversible="true" condition="!Control.HasFocus(50)">Conditional</animation>
					</control>
					<!-- Watched status -->
					<control type="image">
						<left>0</left>
						<top>61</top>
						<width>14</width>
						<height>14</height>
						<texture>$VAR[StatusOverlay]</texture>
						<colordiffuse>OverlayColorFO</colordiffuse>
						<animation effect="fade" start="100" end="50" time="200" tween="cubic" easing="out" reversible="true" condition="!Control.HasFocus(50)">Conditional</animation>
					</control>
				</focusedlayout>

			</control>

			<!-- Scrollbar (list) -->
			<control type="scrollbar" id="60">
				<left>690</left>
				<centertop>50%</centertop>
				<width>20</width>
				<height>720</height>
				<onleft>3000</onleft>
				<onright>50</onright>
				<showonepage>false</showonepage>
				<orientation>vertical</orientation>
				<colordiffuse>OverlayColorNF</colordiffuse>
				<texturesliderbackground border="11,1,1,1">common/ScrollBackground.png</texturesliderbackground>
				<texturesliderbar border="11,1,1,1">common/ScrollbarGripNF.png</texturesliderbar>
				<texturesliderbarfocus border="11,1,1,1" colordiffuse="DialogColor1">common/ScrollbarGripFO.png</texturesliderbarfocus>
				<textureslidernib>-</textureslidernib>
				<textureslidernibfocus>-</textureslidernibfocus>
				<visible>!Skin.HasSetting(Scrollbars)</visible>
			</control>

			<!-- Channel count -->
			<control type="grouplist">
				<right>120</right>
				<bottom>110</bottom>
				<width>800</width>
				<height>44</height>
				<itemgap>6</itemgap>
				<align>right</align>
				<orientation>horizontal</orientation>
				<usecontrolcoords>true</usecontrolcoords>

				<control type="label">
					<top>3</top>
					<width>auto</width>
					<height>44</height>
					<align>right</align>
					<label>$INFO[Container(50).NumItems]</label>
					<font>Font25</font>
					<textcolor>TextColor2</textcolor>

				</control>
				<control type="label">
					<width>auto</width>
					<height>44</height>
					<align>right</align>
					<label>$VAR[ContentType]</label>
					<font>Font33</font>
					<textcolor>TextColor2</textcolor>
				</control>

			</control>

		</control>

		<!-- Time -->
		<include>Time</include>

		<!-- Options -->
		<control type="group" id="9002">
			<control type="image">
				<include>FullscreenDimensions</include>
				<texture colordiffuse="DarkenColor">dialogs/DialogTextBackground.png</texture>
				<animation effect="fade" start="0" end="100" time="200">Visible</animation>
				<animation effect="fade" start="100" end="0" time="200">Hidden</animation>
				<visible>ControlGroup(9002).HasFocus</visible>
			</control>
			<control type="group">
				<left>-450</left>
				<top>0</top>
				<animation effect="slide" start="0,0" end="450,0" time="200" condition="ControlGroup(9002).HasFocus">Conditional</animation>
				<control type="image">
					<left>0</left>
					<top>0</top>
					<width>450</width>
					<height>1080</height>
					<texture colordiffuse="$VAR[OverlayColor]">dialogs/Background.png</texture>
				</control>
				<control type="button">
					<left>0</left>
					<top>0</top>
					<width>460</width>
					<height>1080</height>
					<onclick>noop</onclick>
				</control>

				<!-- Look controls -->
				<control type="grouplist" id="3000">
					<left>20</left>
					<top>15</top> <!-- -5 because there is one spacer -->
					<width>410</width>
					<height>1040</height>
					<onleft>50</onleft>
					<onright>50</onright>
					<scrolltime>200</scrolltime>
					<orientation>vertical</orientation>
					<itemgap>0</itemgap>
					<defaultcontrol always="true">99</defaultcontrol>

					<include content="SideMenuAnimation">
						<param name="containerID">3000</param>
					</include>

					<!-- Sort by -->
					<control type="button" id="3">
						<height>52</height>
						<label>103</label>
						<visible>Control.IsEnabled(3)</visible>
					</control>
					<!-- Sort ascending/descending -->
					<control type="togglebutton" id="4">
						<height>52</height>
						<label>584</label>
						<altlabel>585</altlabel>
						<usealttexture>Container.SortDirection(Descending)</usealttexture>
						<visible>Control.IsEnabled(4)</visible>
					</control>
					<!-- Channel Groups -->
					<control type="button" id="28">
						<height>52</height>
						<label>-</label>
						<visible>Control.IsEnabled(28)</visible>
					</control>
					<!-- Group recording items by folder structure -->
					<control type="radiobutton" id="5">
						<height>52</height>
						<label>19270</label>
						<visible>Window.IsActive(TVRecordings) | Window.IsActive(RadioRecordings)</visible>
					</control>
					<!-- Show hidden channels -->
					<control type="radiobutton" id="6">
						<height>52</height>
						<label>19051</label>
					</control>
					<!-- Filter -->
					<control type="radiobutton" id="31">
						<height>52</height>
						<label>587</label>
					</control>

					<control type="image" id="81">
						<left>0</left>
						<top>0</top>
						<width>410</width>
						<height>10</height>
						<texture>transparent.png</texture>
					</control>

					<!-- Channels -->
					<control type="button" id="100">
						<height>52</height>
						<onclick condition="Window.IsActive(TVChannels) | Window.IsActive(RadioChannels)">NextChannelGroup</onclick>
						<onclick condition="String.IsEmpty(Window.Property(IsRadio))">ActivateWindow(TVChannels)</onclick>
						<onclick condition="!String.IsEmpty(Window.Property(IsRadio))">ActivateWindow(RadioChannels)</onclick>
						<onclick>SetFocus(10)</onclick>
						<label>19019</label>
					</control>
					<!-- Guide -->
					<control type="button" id="102">
						<height>52</height>
						<label>22020</label>
						<onclick condition="Window.IsActive(TVGuide) | Window.IsActive(RadioGuide)">NextChannelGroup</onclick>
						<onclick condition="String.IsEmpty(Window.Property(IsRadio))">ActivateWindow(TVGuide)</onclick>
						<onclick condition="!String.IsEmpty(Window.Property(IsRadio))">ActivateWindow(RadioGuide)</onclick>
						<onclick>SetFocus(10)</onclick>
					</control>
					<!-- Recordings -->
					<control type="button" id="103">
						<height>52</height>
						<onclick condition="String.IsEmpty(Window.Property(IsRadio))">ActivateWindow(TVRecordings)</onclick>
						<onclick condition="!String.IsEmpty(Window.Property(IsRadio))">ActivateWindow(RadioRecordings)</onclick>
						<onclick>SetFocus(10)</onclick>
						<label>19163</label>
					</control>
					<!-- Timers -->
					<control type="button" id="35">
						<height>52</height>
						<onclick condition="String.IsEmpty(Window.Property(IsRadio))">ActivateWindow(TVTimers)</onclick>
						<onclick condition="!String.IsEmpty(Window.Property(IsRadio))">ActivateWindow(RadioTimers)</onclick>
						<onclick>SetFocus(50)</onclick>
						<label>19040</label>
					</control>
					<!-- Rules -->
					<control type="button" id="36">
						<height>52</height>
						<onclick condition="String.IsEmpty(Window.Property(IsRadio))">ActivateWindow(TVTimerRules)</onclick>
						<onclick condition="!String.IsEmpty(Window.Property(IsRadio))">ActivateWindow(RadioTimerRules)</onclick>
						<onclick>SetFocus(50)</onclick>
						<label>$LOCALIZE[31022]</label>
					</control>
					<!-- Search -->
					<control type="button" id="37">
						<height>52</height>
						<onclick condition="String.IsEmpty(Window.Property(IsRadio))">ActivateWindow(TVSearch)</onclick>
						<onclick condition="!String.IsEmpty(Window.Property(IsRadio))">ActivateWindow(RadioSearch)</onclick>
						<onclick>SetFocus(50)</onclick>
						<label>137</label>
					</control>
					
				</control>
			</control>
		</control>

	</controls>

</window>