<?xml version="1.0" encoding="UTF-8"?>
<includes>

	<include name="Viewtype54">

		<control type="group">
			<visible>Control.IsVisible(54)</visible>

			<!-- Curve -->
			<include>Curve-VerticalNarrow</include>

			<!-- Image - Songs -->
			<include content="image-54">
				<param name="fallback">DefaultMusicSongs.png</param>
				<param name="visible">Container.Content(songs)</param>
			</include>
			<!-- Image - Picture -->
			<include content="image-54">
				<param name="fallback">DefaultPicture.png</param>
				<param name="visible">Window.IsVisible(pictures)</param>
			</include>

			<!-- Song Info -->
			<control type="group">
				<left>120</left>
				<top>440</top>
				<visible>Container.Content(songs)</visible>
				<!-- Album & Artist Info -->
				<control type="label">
					<left>0</left>
					<top>314</top>
					<width>500</width>
					<height>45</height>
					<font>Font42</font>
					<label>$INFO[ListItem.Album]</label>
					<textcolor>TextColor1</textcolor>
				</control>
				<control type="label">
					<left>0</left>
					<top>366</top>
					<width>450</width>
					<height>45</height>
					<font>Font33</font>
					<textcolor>TextColor1</textcolor>
					<label>$INFO[ListItem.Artist]</label>
				</control>
			</control>

			<!-- List -->
			<control type="fixedlist" id="54">
				<left>650</left>
				<!-- <centertop>50%</centertop> -->
				<top>600</top>
				<width>1050</width>
				<height>420</height>
				<onup>54</onup>
				<ondown>54</ondown>
				<onleft>60</onleft>
				<onright condition="!Skin.HasSetting(KioskMode)">3001</onright>
				<pagecontrol>60</pagecontrol>
				<focusposition>0</focusposition>
				<orientation>vertical</orientation>
				<viewtype label="535">list</viewtype>
				<scrolltime tween="sine" easing="out">240</scrolltime>
				<visible>Container.Content(songs) | Window.IsVisible(pictures)</visible>

				<itemlayout height="64" width="1018">
					<control type="label">
						<width>1018</width>
						<height>64</height>
						<font>Font33</font>
						<label>[LIGHT]$VAR[SongLabel][/LIGHT]</label>
						<textcolor>TextColor2</textcolor>
					</control>
				</itemlayout>

				<focusedlayout height="80" width="1018">
					<control type="label">
						<width>1018</width>
						<height>80</height>
						<font>Font48</font>
						<label>[B]$VAR[SongLabel][/B]</label>
						<textcolor>TextColor1</textcolor>
						<scroll>True</scroll>
						<animation effect="fade" start="100" end="50" time="200" tween="cubic" easing="out" reversible="true" condition="!Control.HasFocus(54)">Conditional</animation>
					</control>
				</focusedlayout>

			</control>

		</control>

	</include>

	<include name="image-54">
		<param name="fallback">DefaultVideos.png</param>
		<param name="visible">False</param>
		<definition>
			<control type="image">
				<left>120</left>
				<!-- <top>225</top> -->
				<top>600</top>
				<width>405</width>
				<height>500</height>
				<texture fallback="$PARAM[fallback]" background="true" colordiffuse="TextColor1">$VAR[mediaImages]</texture>
				<aspectratio align="center">keep</aspectratio>
				<visible>$PARAM[visible]</visible>
				<visible>String.StartsWith(ListItem.Icon,Default)</visible>
			</control>
			
			<control type="image">
				<left>120</left>
				<!-- <top>225</top> -->
				<top>600</top>
				<width>405</width>
				<height>500</height>
				<texture fallback="$PARAM[fallback]" background="true">$VAR[mediaImages]</texture>
				<aspectratio align="center">keep</aspectratio>
				<visible>$PARAM[visible]</visible>
				<bordertexture border="1,1,1,69">views/DropShadow.png</bordertexture>
				<bordersize>0,0,0,66</bordersize>
				<visible>!String.StartsWith(ListItem.Icon,Default)</visible>
			</control>
		</definition>
	</include>

</includes>
